node_id,name,tier,in_degree,target_words,round,label,n_tokens,n_windows,ttr,hapax_ratio,stopword_rate,sent_len_mean,sent_len_sd,n_sentences,comma_rate,semicolon_rate,paren_rate,dash_rate,unseen_bigram_rate,cos_corpus,cos_neighbors
Spider-Man,Spider-Man,high,106,1365,0,0,1416,3,0.5541666666666667,0.4216666666666667,0.3848870056497175,25.285714285714285,13.322529636610586,56,5.932203389830509,0.5649717514124294,0.2824858757062147,0.211864406779661,0.2792022792022792,0.5084446809342521,0.6510605810167241
Spider-Man,Spider-Man,high,106,1365,1,1,1404,3,0.5733333333333334,0.445,0.3710826210826211,28.653061224489797,12.611221145954499,49,7.264957264957265,0.2849002849002849,0.9971509971509972,0.4985754985754986,0.26274228284278534,0.5105349800070819,0.6516241528841784
She-Hulk,She-Hulk,high,29,1439,0,0,1512,3,0.5425,0.39916666666666667,0.3948412698412698,23.26153846153846,10.049534123265344,65,6.481481481481481,0.13227513227513227,1.455026455026455,0.5291005291005291,0.29049531459170014,0.4225430560332708,0.5172301473595018
She-Hulk,She-Hulk,high,29,1439,1,1,1441,3,0.5391666666666667,0.4141666666666666,0.4163775156141568,24.423728813559322,8.172304178594606,59,6.037473976405274,0.06939625260235947,0.5551700208188758,0.06939625260235947,0.24561403508771928,0.42754008198412846,0.5021012477141201
Quasar_(character),Quasar (character),high,24,973,0,0,989,2,0.5762499999999999,0.45125000000000004,0.40141557128412536,19.01923076923077,7.299869294444684,52,4.55005055611729,0.10111223458038422,0.10111223458038422,0.10111223458038422,0.35185185185185186,0.23561784080412182,0.283620492112967
Quasar_(character),Quasar (character),high,24,973,1,1,1040,2,0.5375,0.38749999999999996,0.39903846153846156,25.365853658536587,9.463037457909785,41,4.903846153846154,0.0,1.153846153846154,0.38461538461538464,0.23076923076923078,0.4099650338087097,0.4975383668626058
Black_Widow_(Natasha_Romanova),Black Widow (Natasha Romanova),high,22,1403,0,0,1422,3,0.5299999999999999,0.3908333333333333,0.41139240506329117,22.571428571428573,6.665986359846521,63,4.219409282700422,0.0,1.5471167369901546,0.2812939521800281,0.28581560283687946,0.42596216824967437,0.4532431837730102
Black_Widow_(Natasha_Romanova),Black Widow (Natasha Romanova),high,22,1403,1,1,1461,3,0.5775,0.45166666666666666,0.3839835728952772,30.4375,9.880338746723211,48,4.996577686516084,0.06844626967830253,1.7111567419575633,0.8213552361396304,0.2766251728907331,0.49004534162954766,0.5219099509012848
Black_Cat_(Marvel_Comics),Black Cat (Marvel Comics),high,21,1477,0,0,1519,3,0.5499999999999999,0.4175,0.3969716919025675,29.21153846153846,13.306066485834338,52,6.188281764318631,0.3949967083607637,0.46082949308755766,0.06583278472679395,0.3054448871181939,0.4884123168438344,0.6344684007493855
Black_Cat_(Marvel_Comics),Black Cat (Marvel Comics),high,21,1477,1,1,1395,3,0.5625,0.4458333333333333,0.410752688172043,27.9,9.256889326334198,50,6.953405017921146,0.14336917562724014,1.003584229390681,0.4301075268817204,0.23806078147612156,0.5036932513758913,0.6813931801001992
Deathlok,Deathlok,high,17,1441,0,0,1503,3,0.5566666666666666,0.4066666666666667,0.39654025282767796,19.51948051948052,10.336683370731802,77,5.455755156353958,0.0,0.7318695941450432,0.7318695941450432,0.33041132838840187,0.42077223541279907,0.4191978113162247
Deathlok,Deathlok,high,17,1441,1,1,1533,3,0.5733333333333334,0.43500000000000005,0.39921722113502933,26.43103448275862,9.357114330017446,58,5.805609915198956,0.1304631441617743,1.2393998695368558,0.7827788649706457,0.33113890717577354,0.4702324572136853,0.46817267257096634
Misty_Knight,Misty Knight,high,15,1487,0,0,1504,3,0.5066666666666667,0.3491666666666666,0.39361702127659576,18.8,7.904745410195068,80,4.8537234042553195,0.19946808510638298,0.7313829787234043,0.13297872340425532,0.27994616419919244,0.4142412016841644,0.46139005399807664
Misty_Knight,Misty Knight,high,15,1487,1,1,1326,3,0.5733333333333334,0.4583333333333333,0.4004524886877828,25.5,8.773868544192421,52,5.279034690799397,0.15082956259426847,1.282051282051282,0.4524886877828054,0.26961157654226964,0.4006595448567387,0.4533675068215704
Black_Bolt,Black Bolt,high,13,1486,0,0,1516,3,0.5033333333333333,0.36916666666666664,0.4017150395778364,24.451612903225808,10.78929789242314,62,5.0791556728232194,0.0,0.7255936675461742,0.46174142480211083,0.2590120160213618,0.3641374488676686,0.455689502621404
Black_Bolt,Black Bolt,high,13,1486,1,1,1513,3,0.535,0.40166666666666667,0.4064771976206213,28.01851851851852,10.378915130527568,54,5.684071381361534,0.06609385327164574,1.9828155981493722,1.0575016523463319,0.25266666666666665,0.35366431015389405,0.46317511535012973
Mockingbird_(Marvel_Comics),Mockingbird (Marvel Comics),high,13,1403,0,0,1500,3,0.5166666666666666,0.3591666666666667,0.4046666666666667,24.193548387096776,11.293501856516542,62,3.8666666666666667,0.13333333333333333,1.5333333333333332,0.5333333333333333,0.2516869095816464,0.41474537892522506,0.4181385027160442
Mockingbird_(Marvel_Comics),Mockingbird (Marvel Comics),high,13,1403,1,1,1430,3,0.5508333333333333,0.4133333333333334,0.4027972027972028,25.087719298245613,10.026772410593455,57,6.153846153846154,0.13986013986013987,1.6083916083916086,0.4195804195804196,0.2584745762711864,0.44352849321399856,0.49587672531640986
Moondragon,Moondragon,high,11,1445,0,0,1437,3,0.5333333333333333,0.3983333333333334,0.4495476687543493,17.74074074074074,8.218884874914943,81,6.4022268615170494,0.13917884481558804,0.2783576896311761,0.20876826722338204,0.33568406205923834,0.31604795804830266,0.34236622059269817
Moondragon,Moondragon,high,11,1445,1,1,1486,3,0.5566666666666666,0.4275,0.42934051144010765,23.967741935483872,7.803985214217495,62,5.854643337819651,0.0,1.2786002691790042,0.6729475100942127,0.2758152173913043,0.3759148627161109,0.4693820805851006
Rocket_Raccoon,Rocket Raccoon,high,10,1472,0,0,1478,3,0.525,0.37916666666666665,0.41474966170500677,25.050847457627118,12.218940186522545,59,6.427604871447903,0.13531799729364005,1.1502029769959405,0.5412719891745602,0.31553730321697465,0.34687445083714646,0.40169970956427925
Rocket_Raccoon,Rocket Raccoon,high,10,1472,1,1,1544,3,0.5408333333333334,0.4183333333333333,0.4015544041450777,28.59259259259259,9.52680141129831,54,6.023316062176165,0.0,1.16580310880829,0.5181347150259067,0.32483660130718955,0.3747606613042717,0.44041611802129105
Captain_Marvel_(Marvel_Comics),Captain Marvel (Marvel Comics),high,9,1500,0,0,1535,3,0.5616666666666666,0.43333333333333335,0.36807817589576547,19.1875,9.46321001299242,80,6.188925081433225,0.0,0.9120521172638436,0.0,0.22591362126245848,0.5324898616761768,0.6671722962284432
Captain_Marvel_(Marvel_Comics),Captain Marvel (Marvel Comics),high,9,1500,1,1,1578,3,0.5541666666666667,0.4275,0.38339670468948034,29.77358490566038,12.533188408252439,53,6.14702154626109,0.3802281368821293,1.5209125475285172,0.1267427122940431,0.2575272261370916,0.4983671963035183,0.6163774037811612
Vulcan_(Marvel_Comics),Vulcan (Marvel Comics),high,9,1429,0,0,1434,3,0.5283333333333333,0.38833333333333336,0.4302649930264993,23.9,9.472240143352224,60,7.94979079497908,0.0697350069735007,0.41841004184100417,0.0,0.311660777385159,0.2829577454026459,0.44992596009131464
Vulcan_(Marvel_Comics),Vulcan (Marvel Comics),high,9,1429,1,1,1462,3,0.5466666666666667,0.405,0.40902872777017785,25.20689655172414,8.029597449199741,58,6.429548563611491,0.0,1.094391244870041,0.478796169630643,0.29765193370165743,0.33912332057140415,0.605577897174774
Scarlet_Spider,Scarlet Spider,high,8,881,0,0,899,2,0.495,0.385,0.3337041156840934,25.685714285714287,9.528218027286645,35,5.89543937708565,0.0,1.0011123470522802,0.0,0.204337899543379,0.3762536395140489,0.6379337872594546
Scarlet_Spider,Scarlet Spider,high,8,881,1,1,1096,2,0.48250000000000004,0.33625,0.3467153284671533,26.095238095238095,8.839331810044952,42,6.478102189781022,0.18248175182481752,1.186131386861314,0.2737226277372263,0.22970479704797048,0.40905494228029693,0.6601925980528821
Betsy_Braddock,Betsy Braddock,high,7,1409,0,0,1461,3,0.5233333333333333,0.3741666666666667,0.38193018480492813,25.63157894736842,10.550848604678917,57,6.365503080082135,0.2053388090349076,0.8898015058179329,0.2053388090349076,0.29606625258799174,0.4777508003096524,0.6183824670021256
Betsy_Braddock,Betsy Braddock,high,7,1409,1,1,1407,3,0.5133333333333333,0.385,0.4093816631130064,22.693548387096776,8.552661743154582,62,6.041222459132907,0.0,1.7057569296375268,0.7107320540156361,0.22613065326633167,0.4340758951737793,0.639230639583882
Hyperion_(character),Hyperion (character),high,7,1482,0,0,1487,3,0.515,0.39000000000000007,0.43106926698049763,19.31168831168831,10.133216230574458,77,6.186953597848016,0.0,0.47074646940147946,0.0,0.2686771761480466,0.29143634116397205,0.32657505433725714
Hyperion_(character),Hyperion (character),high,7,1482,1,1,1552,3,0.5266666666666667,0.40166666666666667,0.4059278350515464,28.21818181818182,10.621917151199314,55,5.798969072164947,0.25773195876288657,1.804123711340206,1.3530927835051545,0.2662760416666667,0.38185761340192836,0.4165422777992518
Werewolf_by_Night,Werewolf by Night,high,7,1349,0,0,1359,3,0.5525,0.4166666666666667,0.3818984547461369,20.907692307692308,7.236070070084424,65,4.562178072111847,0.07358351729212656,0.9565857247976453,0.29433406916850624,0.36275964391691395,0.33890280127488265,0.3584948810594057
Werewolf_by_Night,Werewolf by Night,high,7,1349,1,1,1348,3,0.5499999999999999,0.4116666666666667,0.38204747774480713,29.955555555555556,11.22488417273684,45,7.0474777448071215,0.14836795252225518,1.7062314540059347,0.6676557863501483,0.2866766467065868,0.4077408417837889,0.526024962798018
Guardian_(Marvel_Comics),Guardian (Marvel Comics),high,6,1435,0,0,1449,3,0.5375000000000001,0.38666666666666666,0.38716356107660455,17.670731707317074,7.278526516067123,82,6.694271911663216,0.6901311249137336,0.41407867494824013,0.13802622498274672,0.30021291696238467,0.397512102388454,0.5322740354985488
Guardian_(Marvel_Comics),Guardian (Marvel Comics),high,6,1435,1,1,1524,3,0.525,0.3908333333333333,0.3989501312335958,21.771428571428572,7.901485264667341,70,4.79002624671916,0.06561679790026247,0.984251968503937,0.5905511811023622,0.24518272425249169,0.3973307232604082,0.6736143760890994
Tarantula_(Marvel_Comics),Tarantula (Marvel Comics),high,6,1479,0,0,1514,3,0.555,0.42583333333333334,0.40885072655217963,20.45945945945946,9.294271977928545,74,5.284015852047556,0.06605019815059446,0.5944517833553501,0.0,0.32366824005394473,0.44446972992720785,0.4660525965742001
Tarantula_(Marvel_Comics),Tarantula (Marvel Comics),high,6,1479,1,1,1650,4,0.558125,0.428125,0.416969696969697,27.049180327868854,10.232423922421196,61,4.96969696969697,0.30303030303030304,0.6060606060606061,0.6666666666666667,0.28431372549019607,0.46360861312711,0.5057430898079571
Vance_Astrovik,Vance Astrovik,high,5,1404,0,0,1401,3,0.555,0.4275,0.4225553176302641,20.602941176470587,8.199963604442818,68,5.995717344753748,0.07137758743754462,0.4996431120628123,0.0,0.32921511627906974,0.389752706394708,0.453278156615128
Vance_Astrovik,Vance Astrovik,high,5,1404,1,1,1287,3,0.5691666666666667,0.43416666666666665,0.3885003885003885,24.75,9.708986717311085,52,5.905205905205905,0.1554001554001554,1.3986013986013985,0.1554001554001554,0.2692913385826772,0.47982870226063357,0.5366885557112288
Abomination_(character),Abomination (character),middle,5,1455,0,0,1472,3,0.49583333333333335,0.3575,0.4483695652173913,25.379310344827587,10.569682711785818,58,5.298913043478261,0.0,0.7472826086956521,0.0,0.2784636488340192,0.24468192928183782,0.4171247417500092
Abomination_(character),Abomination (character),middle,5,1455,1,1,1401,3,0.5633333333333334,0.43916666666666665,0.43968593861527483,25.944444444444443,8.646165210051574,54,5.353319057815846,0.0,1.498929336188437,0.7851534618129908,0.2581110310021629,0.3593934657016247,0.5370054834632021
Delroy_Garrett,Delroy Garrett,middle,5,1498,0,0,1513,3,0.505,0.35333333333333333,0.43820224719101125,21.614285714285714,8.56786830821639,70,4.957038995373431,0.06609385327164574,0.19828155981493722,0.0,0.33377837116154874,0.38707794736869533,0.36318591201425865
Delroy_Garrett,Delroy Garrett,middle,5,1498,1,1,1334,3,0.555,0.4391666666666667,0.41454272863568215,27.224489795918366,8.944877239030419,49,5.922038980509745,0.0,0.8245877061469266,0.14992503748125938,0.34268385140257773,0.3875150285321449,0.37400456662450116
Gorgon_(Inhuman),Gorgon (Inhuman),middle,5,764,0,0,767,1,0.515,0.3925,0.37809647979139505,17.044444444444444,7.696912961428267,45,5.215123859191656,0.1303780964797914,0.7822685788787485,0.0,0.22462787550744248,0.3688554448627596,0.4918322151417082
Gorgon_(Inhuman),Gorgon (Inhuman),middle,5,764,1,1,810,2,0.5125,0.39,0.40617283950617283,22.5,6.405292950191878,36,5.555555555555555,0.0,2.2222222222222223,0.6172839506172839,0.22403003754693368,0.3539873268746809,0.5338134083840395
Paladin_(comics),Paladin (comics),middle,5,1183,0,0,1213,3,0.5675,0.4283333333333334,0.4023083264633141,20.216666666666665,8.940715233631417,60,7.337180544105523,0.24732069249793898,0.8244023083264633,0.08244023083264633,0.31932773109243695,0.39926868872999494,0.42112761737194887
Paladin_(comics),Paladin (comics),middle,5,1183,1,1,1151,2,0.54375,0.41375,0.42137271937445697,26.767441860465116,9.780943049844131,43,5.647263249348392,0.0,1.3900955690703736,0.5212858384013901,0.27240773286467485,0.452577789086133,0.5230274788471266
Ch'od,Ch'od,middle,4,488,0,0,492,1,0.53,0.4025,0.4065040650406504,17.571428571428573,6.986868148935705,28,5.08130081300813,0.0,0.8130081300813008,0.0,0.17954070981210857,0.3274676461877556,0.4874555316769944
Ch'od,Ch'od,middle,4,488,1,1,482,1,0.5125,0.3925,0.4004149377593361,22.952380952380953,8.736765177091415,21,4.979253112033195,0.0,0.4149377593360996,0.0,0.25473684210526315,0.33803894039117405,0.5713584086346217
Guardsman_(character),Guardsman (character),middle,4,1444,0,0,1417,3,0.5650000000000001,0.44416666666666665,0.36485532815808047,17.493827160493826,10.046955753895991,81,5.575158786167961,0.14114326040931546,1.1291460832745237,1.55257586450247,0.3937635968092821,0.31263720184759614,0.4268152708167622
Guardsman_(character),Guardsman (character),middle,4,1444,1,1,1423,3,0.5466666666666667,0.4166666666666667,0.39634574841883347,28.46,10.174890662803211,50,5.973295853829937,0.0,1.2649332396345747,0.21082220660576245,0.2995031937544358,0.3722678677846281,0.520651599950639
Kristoff_Vernard,Kristoff Vernard,middle,4,1049,0,0,1054,2,0.5275000000000001,0.39625,0.41935483870967744,20.26923076923077,7.7139119692813765,52,4.459203036053131,0.0,0.7590132827324478,0.47438330170777987,0.29893924783027964,0.24414167294095163,0.31297743682114715
Kristoff_Vernard,Kristoff Vernard,middle,4,1049,1,1,1065,2,0.5225,0.40875,0.428169014084507,23.152173913043477,9.016813741932944,46,5.727699530516432,0.0,0.7511737089201878,0.09389671361502347,0.3314285714285714,0.2444479439924479,0.2739315064770038
Ronin_(Marvel_Comics),Ronin (Marvel Comics),middle,4,986,0,0,969,2,0.52875,0.38125,0.37048503611971106,20.1875,8.315788823076257,48,4.4375644994840036,0.0,1.8575851393188854,0.0,0.28118393234672306,0.35027232915495954,0.4036430704767795
Ronin_(Marvel_Comics),Ronin (Marvel Comics),middle,4,986,1,1,1053,2,0.53625,0.39625,0.4045584045584046,22.404255319148938,8.799563757243359,47,5.5080721747388415,0.0949667616334283,1.6144349477682811,0.3798670465337132,0.22950819672131148,0.3943466980232414,0.49321337478720617
Balder_the_Brave,Balder the Brave,middle,3,1276,0,0,1283,3,0.5433333333333333,0.42249999999999993,0.4286827747466875,21.0327868852459,8.128007061429491,61,4.36477007014809,0.0,0.3897116134060795,0.2338269680436477,0.42080378250591016,0.17564485298911345,0.26107265711432615
Balder_the_Brave,Balder the Brave,middle,3,1276,1,1,1226,3,0.5525,0.42083333333333334,0.42169657422512236,24.52,10.883455333670462,50,5.628058727569331,0.1631321370309951,1.0603588907014683,0.3262642740619902,0.38746908491343773,0.22993888225166842,0.29483212571177714
Gauntlet_(Joseph_Green),Gauntlet (Joseph Green),middle,3,550,0,0,545,1,0.575,0.45,0.42018348623853213,18.166666666666668,5.145116346811044,30,6.055045871559633,0.0,0.3669724770642202,0.3669724770642202,0.34953271028037386,0.22380114027663037,0.26031863526320975
Gauntlet_(Joseph_Green),Gauntlet (Joseph Green),middle,3,550,1,1,607,1,0.56,0.4275,0.4085667215815486,22.48148148148148,9.271103535619456,27,4.942339373970346,0.0,0.32948929159802304,0.0,0.27,0.28857211118152526,0.35233948440699264
Lei_Kung_(character),Lei Kung (character),middle,3,419,0,0,429,1,0.525,0.37,0.34965034965034963,18.652173913043477,6.011645912597474,23,6.0606060606060606,0.0,0.4662004662004662,0.0,0.33890214797136037,0.23157593504139662,0.40768417330243606
Lei_Kung_(character),Lei Kung (character),middle,3,419,1,1,453,1,0.505,0.3825,0.3730684326710817,23.842105263157894,6.846152649056463,19,6.401766004415011,0.0,0.8830022075055187,0.44150110375275936,0.23094170403587444,0.26863814415316695,0.5376625130479233
Rockslide_(character),Rockslide (character),middle,3,968,0,0,967,2,0.53625,0.3925,0.43536711478800416,18.245283018867923,6.829198302011899,53,5.894519131334023,0.10341261633919338,0.5170630816959669,0.0,0.31329113924050633,0.31823805452478354,0.436531765078085
Rockslide_(character),Rockslide (character),middle,3,968,1,1,976,2,0.5349999999999999,0.40875,0.41290983606557374,21.68888888888889,8.269951557623061,45,4.610655737704918,0.10245901639344263,1.0245901639344264,0.0,0.24195223260643822,0.40914041525742195,0.6399900111553829
Shuri_(character),Shuri (character),middle,3,1421,0,0,1443,3,0.5299999999999999,0.38999999999999996,0.42411642411642414,25.31578947368421,12.907440931271976,57,6.306306306306306,0.0,0.7623007623007623,0.0,0.322354590049054,0.3169204629270941,0.4214551264225275
Shuri_(character),Shuri (character),middle,3,1421,1,1,1449,3,0.5333333333333333,0.4058333333333333,0.3899240855762595,27.865384615384617,8.571035405888491,52,6.970324361628709,0.0,1.311249137336094,0.3450655624568668,0.29477351916376304,0.32886552834551974,0.516351821219414
Turbo_(comics),Turbo (comics),middle,3,1206,0,0,1200,3,0.5633333333333334,0.4266666666666667,0.4175,22.22222222222222,10.47513222168238,54,5.083333333333333,0.16666666666666666,0.3333333333333333,0.0,0.3629441624365482,0.2834256855846424,0.331515899061416
Turbo_(comics),Turbo (comics),middle,3,1206,1,1,1273,3,0.5616666666666666,0.43166666666666664,0.4139827179890024,24.0188679245283,7.383026341798337,53,5.0274941084053415,0.07855459544383346,0.7069913589945012,0.23566378633150037,0.3057982525814138,0.32158087035880334,0.3919744680609612
Frankenstein's_Monster_(Marvel_Comics),Frankenstein's Monster (Marvel Comics),middle,2,1480,0,0,1542,3,0.5416666666666666,0.39749999999999996,0.39883268482490275,18.357142857142858,12.22472402760162,84,6.809338521400779,0.324254215304799,1.297016861219196,0.1945525291828794,0.32588699080157685,0.45156982995033623,0.47293651038082496
Frankenstein's_Monster_(Marvel_Comics),Frankenstein's Monster (Marvel Comics),middle,2,1480,1,1,1401,3,0.5508333333333334,0.42250000000000004,0.4068522483940043,25.017857142857142,10.54326303419218,56,6.281227694503927,0.14275517487508924,1.6416845110635263,0.8565310492505354,0.2831412103746398,0.4176245109988109,0.4544002521273536
Iron_Lad,Iron Lad,middle,2,892,0,0,887,2,0.5349999999999999,0.4225,0.4081172491544532,19.711111111111112,6.4416085714403915,45,5.975197294250282,0.0,0.3382187147688839,0.0,0.290950744558992,0.30536349067763446,0.327211385818822
Iron_Lad,Iron Lad,middle,2,892,1,1,892,2,0.5575,0.43625,0.4170403587443946,25.485714285714284,8.163932625785648,35,5.7174887892376685,0.2242152466367713,1.0089686098654709,0.4484304932735426,0.24177071509648126,0.35021433810284763,0.45766053595837414
Marvel_Boy_(Robert_Grayson),Marvel Boy (Robert Grayson),middle,2,794,0,0,781,1,0.515,0.3675,0.4033290653008963,17.75,9.073249893856316,44,5.377720870678617,0.2560819462227913,1.0243277848911652,0.12804097311139565,0.3372395833333333,0.41670381277706553,0.26792217095899534
Marvel_Boy_(Robert_Grayson),Marvel Boy (Robert Grayson),middle,2,794,1,1,884,2,0.5625,0.4275,0.3947963800904977,23.89189189189189,7.821604811427798,37,5.542986425339366,0.3393665158371041,1.4705882352941178,0.7918552036199095,0.30584192439862545,0.4208708765221354,0.333212171408272
Ricochet_(comics),Ricochet (comics),middle,2,736,0,0,734,1,0.54,0.39,0.3978201634877384,17.476190476190474,5.1419752330259385,42,4.223433242506813,0.0,0.5449591280653951,0.0,0.2670375521557719,0.453343090624583,0.5671055641834285
Ricochet_(comics),Ricochet (comics),middle,2,736,1,1,700,1,0.53,0.3825,0.36714285714285716,21.21212121212121,8.329420569019831,33,5.571428571428571,0.0,1.7142857142857142,0.14285714285714285,0.2706222865412446,0.4436115318190001,0.5866339564453944
Spider-Bitch_(Ashley_Barton),Spider-Bitch (Ashley Barton),middle,2,1434,0,0,1492,3,0.5441666666666666,0.41083333333333333,0.4289544235924933,42.628571428571426,32.195017994613224,35,6.8364611260053625,0.3351206434316354,0.871313672922252,0.4021447721179625,0.3463611859838275,0.35433322937651435,0.6356660512433069
Spider-Bitch_(Ashley_Barton),Spider-Bitch (Ashley Barton),middle,2,1434,1,1,1452,3,0.5275,0.4016666666666666,0.4366391184573003,26.88888888888889,9.719523434946238,54,5.1652892561983474,0.0,1.0330578512396695,0.27548209366391185,0.2581767571329158,0.45595014084433805,0.6669424948789227
The_Union_(Marvel),The Union (Marvel),middle,2,1044,0,0,1038,2,0.51625,0.375,0.4094412331406551,18.535714285714285,8.394224812576898,56,4.913294797687861,0.0,0.3853564547206166,1.8304431599229287,0.3485148514851485,0.2794787120670917,0.39043615149437594
The_Union_(Marvel),The Union (Marvel),middle,2,1044,1,1,954,2,0.5687500000000001,0.44125000000000003,0.40985324947589097,24.46153846153846,10.51700979694483,39,5.031446540880503,0.31446540880503143,0.4192872117400419,0.0,0.34146341463414637,0.3531029902784346,0.45669246696155225
Blackthorn_(character),Blackthorn (character),low,2,1077,0,0,1072,2,0.5549999999999999,0.425,0.41884328358208955,23.822222222222223,11.417898014158665,45,8.861940298507463,0.0,0.373134328358209,0.27985074626865675,0.3383600377002828,0.26658328137911796,0.498822468631817
Blackthorn_(character),Blackthorn (character),low,2,1077,1,1,1005,2,0.5449999999999999,0.41125,0.4218905472636816,23.372093023255815,9.121972593213963,43,5.074626865671642,0.0,0.7960199004975125,0.0,0.32056451612903225,0.3630854708205716,0.5436285604601667
Citizen_V,Citizen V,low,2,669,0,0,659,1,0.4975,0.3775,0.41274658573596357,19.96969696969697,7.925734259015771,33,2.731411229135053,0.0,0.7587253414264037,0.30349013657056145,0.33178294573643413,0.17355969383688366,0.16582873958622651
Citizen_V,Citizen V,low,2,669,1,1,658,1,0.49,0.3675,0.3708206686930091,23.5,8.662315757677868,28,4.711246200607903,0.0,1.0638297872340425,0.0,0.2993827160493827,0.22111838385589014,0.18823118874958303
Ajak,Ajak,low,1,620,0,0,602,1,0.5025,0.365,0.39700996677740863,18.8125,8.304507435724288,32,5.813953488372094,0.16611295681063123,0.49833887043189373,0.33222591362126247,0.34067796610169493,0.2099939523223391,0.4620792734282802
Ajak,Ajak,low,1,620,1,1,632,1,0.5175,0.415,0.44145569620253167,21.79310344827586,7.603897867699296,29,5.379746835443038,0.0,1.1075949367088609,0.31645569620253167,0.27564102564102566,0.2647498915078938,0.5331459513251253
Box_(comics),Box (comics),low,1,829,0,0,818,2,0.52625,0.38,0.38753056234718825,16.693877551020407,8.545685345589467,49,6.47921760391198,0.0,0.6112469437652811,0.0,0.4292803970223325,0.14562298500183082,0.24393165924807667
Box_(comics),Box (comics),low,1,829,1,1,877,2,0.54375,0.40625,0.3990877993158495,21.925,8.620868575729478,40,6.1573546180159635,0.11402508551881414,0.45610034207525657,0.0,0.35409457900807384,0.2729884295556246,0.3639837046695871
Darkdevil,Darkdevil,low,1,555,0,0,572,1,0.54,0.4125,0.3583916083916084,21.185185185185187,9.108551281471051,27,6.8181818181818175,0.0,1.3986013986013985,0.0,0.31261101243339257,0.3896088633159421,0.4913343476709352
Darkdevil,Darkdevil,low,1,555,1,1,593,1,0.555,0.405,0.4148397976391231,21.962962962962962,6.420346601244339,27,4.7217537942664425,0.0,1.6863406408094437,0.5059021922428331,0.2568493150684932,0.3465147234056528,0.38678530084593027
Fandral,Fandral,low,1,1469,0,0,1466,3,0.5275,0.3983333333333334,0.4331514324693042,14.66,8.23434271815304,100,5.457025920873124,0.1364256480218281,0.2728512960436562,0.0,0.3609179415855355,0.28074990412843925,0.2643255003563269
Fandral,Fandral,low,1,1469,1,1,1373,3,0.5575,0.43583333333333335,0.42680262199563,26.403846153846153,10.468376583024881,52,5.462490895848507,0.0,0.9468317552804079,0.3641660597232338,0.35151068533529845,0.2717510452395802,0.29574378865462625
Golem_(Marvel_Comics),Golem (Marvel Comics),low,1,721,0,0,716,1,0.58,0.4325,0.41480446927374304,15.565217391304348,6.395148208205572,46,3.770949720670391,0.13966480446927373,1.9553072625698322,0.27932960893854747,0.34433285509325684,0.3367164426173689,0.32965116687417634
Golem_(Marvel_Comics),Golem (Marvel Comics),low,1,721,1,1,777,1,0.555,0.4325,0.43114543114543114,25.06451612903226,11.175824957270327,31,5.276705276705277,0.1287001287001287,1.1583011583011582,0.6435006435006435,0.3046875,0.31931239862900124,0.3989797664527927
Janice_Lincoln,Janice Lincoln,low,1,1028,0,0,1032,2,0.5225,0.38,0.40406976744186046,19.471698113207548,8.435333981566021,53,5.232558139534884,0.0,0.4844961240310078,0.0,0.32254901960784316,0.4058348334810379,0.38204746548545954
Janice_Lincoln,Janice Lincoln,low,1,1028,1,1,972,2,0.565,0.43624999999999997,0.43106995884773663,24.3,9.220086767487603,40,5.4526748971193415,0.0,0.9259259259259259,0.205761316872428,0.30416666666666664,0.4160394094746699,0.39953352949890325
Motormouth_(comics),Motormouth (comics),low,1,1170,0,0,1188,2,0.5375,0.40625,0.4175084175084175,16.732394366197184,6.677601295056699,71,4.882154882154882,0.0,0.5892255892255893,0.0,0.3651877133105802,0.3005345047495684,0.42082513248248254
Motormouth_(comics),Motormouth (comics),low,1,1170,1,1,1182,2,0.5587500000000001,0.43375,0.40524534686971236,25.148936170212767,8.330867297712524,47,5.414551607445008,0.08460236886632826,0.7614213197969543,0.08460236886632826,0.32164242942686055,0.3509000656880846,0.4186253312155448
Skull_the_Slayer,Skull the Slayer,low,1,530,0,0,525,1,0.5525,0.395,0.41523809523809524,18.75,7.614014334483111,28,5.904761904761904,0.0,0.19047619047619047,0.0,0.2926356589147287,0.32050701665512726,0.35620669345457523
Skull_the_Slayer,Skull the Slayer,low,1,530,1,1,560,1,0.59,0.465,0.3964285714285714,22.4,7.730459236035076,25,4.821428571428571,0.35714285714285715,0.8928571428571429,0.35714285714285715,0.32007233273056057,0.30084466147621586,0.3039555190670905
Typeface_(character),Typeface (character),low,1,420,0,0,430,1,0.5725,0.4575,0.3883720930232558,19.545454545454547,5.140987460217706,22,6.511627906976744,0.0,0.6976744186046512,0.0,0.31990521327014215,0.3626570208780538,0.42112723317755707
Typeface_(character),Typeface (character),low,1,420,1,1,425,1,0.555,0.42,0.40705882352941175,21.25,6.3472434961958095,20,4.470588235294118,0.23529411764705882,0.7058823529411764,0.23529411764705882,0.2911694510739857,0.408255779936661,0.45348960079924583
Blackwulf,Blackwulf,low,0,1005,0,0,1004,2,0.49749999999999994,0.345,0.4581673306772908,17.614035087719298,6.843499632997654,57,5.776892430278884,0.099601593625498,0.199203187250996,0.099601593625498,0.43073811931243683,0.18278811109670026,0.13714830941862746
Blackwulf,Blackwulf,low,0,1005,1,1,975,2,0.545,0.42625,0.4276923076923077,23.214285714285715,7.249090958726559,42,5.0256410256410255,0.3076923076923077,0.41025641025641024,0.0,0.34994807892004154,0.33026187465238627,0.215416657108202
Captain_Midlands,Captain Midlands,low,0,620,0,0,622,1,0.5625,0.43,0.3954983922829582,22.214285714285715,8.18254738040991,28,5.787781350482315,0.0,0.48231511254019294,0.48231511254019294,0.39408866995073893,0.2689583465193655,
Captain_Midlands,Captain Midlands,low,0,620,1,1,634,1,0.545,0.4225,0.4274447949526814,23.48148148148148,9.19891447046021,27,5.047318611987381,0.0,0.473186119873817,0.0,0.3152,0.2943805561659477,
Digitek_(character),Digitek (character),low,0,476,0,0,480,1,0.535,0.41,0.4083333333333333,20.869565217391305,9.808179141503976,23,4.375,0.0,0.8333333333333334,0.4166666666666667,0.3044397463002114,0.4049924851931184,0.26619297540481324
Digitek_(character),Digitek (character),low,0,476,1,1,456,1,0.5525,0.405,0.4100877192982456,24.0,6.130166993518289,19,4.385964912280701,0.0,0.6578947368421052,0.43859649122807015,0.3370288248337029,0.3549799756357179,0.31504478422329674
Gremlin_(comics),Gremlin (comics),low,0,600,0,0,604,1,0.56,0.4175,0.3841059602649007,18.303030303030305,7.485277867698532,33,5.4635761589403975,0.0,0.6622516556291391,0.16556291390728478,0.31186440677966104,0.3852811956738276,0.3810835883240711
Gremlin_(comics),Gremlin (comics),low,0,600,1,1,717,1,0.5025,0.375,0.42677824267782427,22.40625,8.29856680020713,32,5.439330543933054,0.1394700139470014,1.1157601115760112,1.1157601115760112,0.2838983050847458,0.3276205950200396,0.41503791243901
Mahr_Vehl,Mahr Vehl,low,0,652,0,0,655,1,0.5275,0.405,0.37251908396946565,21.833333333333332,9.011412517222567,30,5.648854961832061,0.0,0.6106870229007634,0.7633587786259542,0.3116279069767442,0.24886094897610767,0.19353869908321816
Mahr_Vehl,Mahr Vehl,low,0,652,1,1,685,1,0.535,0.39,0.39854014598540144,25.37037037037037,9.989432001604378,27,5.255474452554744,0.145985401459854,0.7299270072992701,0.0,0.28994082840236685,0.2793732780870734,0.19653452840078708
Oya_(comics),Oya (comics),low,0,631,0,0,632,1,0.49,0.35,0.42563291139240506,20.387096774193548,5.717417753219394,31,6.012658227848101,0.0,0.31645569620253167,0.15822784810126583,0.28731942215088285,0.3152767802107989,0.5358721360194919
Oya_(comics),Oya (comics),low,0,631,1,1,631,1,0.52,0.38,0.4294770206022187,22.535714285714285,7.907871949868068,28,5.229793977812995,0.0,0.6339144215530903,0.31695721077654515,0.25842696629213485,0.3388931779897167,0.5954653419743006
Sean_and_Chris,Sean and Chris,low,0,529,0,0,527,1,0.525,0.3825,0.44022770398481975,20.26923076923077,7.419090200845655,26,7.7798861480075905,0.0,0.3795066413662239,0.0,0.42226487523992323,0.21984835241517997,
Sean_and_Chris,Sean and Chris,low,0,529,1,1,600,1,0.525,0.38,0.4266666666666667,20.689655172413794,7.57993471119122,29,4.666666666666666,0.16666666666666666,0.3333333333333333,0.0,0.38682432432432434,0.29399004681469554,
Solomon_Kane_(comics),Solomon Kane (comics),low,0,746,0,0,761,1,0.5175,0.36,0.3180026281208936,25.366666666666667,16.81563425968689,30,9.329829172141919,0.1314060446780552,2.102496714848883,1.314060446780552,0.41823056300268097,0.3253188886954237,0.18687775009128976
Solomon_Kane_(comics),Solomon Kane (comics),low,0,746,1,1,807,2,0.5525,0.4225,0.39776951672862454,26.9,10.225295431754853,30,5.700123915737299,0.24783147459727387,0.49566294919454773,0.3717472118959108,0.39849624060150374,0.3296637447701687,0.21000124629446573
Thunderbolt_(Marvel_Comics),Thunderbolt (Marvel Comics),low,0,514,0,0,507,1,0.56,0.3925,0.3767258382642998,16.9,5.3188344587888805,30,5.128205128205129,0.0,0.0,0.0,0.3903420523138833,0.2027788005658434,0.12047214685918056
Thunderbolt_(Marvel_Comics),Thunderbolt (Marvel Comics),low,0,514,1,1,519,1,0.545,0.4025,0.3988439306358382,21.625,6.414907767588453,24,5.202312138728324,0.0,0.5780346820809249,0.0,0.2720156555772994,0.3697433239333487,0.4536423942180391
